{
  "config": {
    "step": {
      "user": {
        "title": "登陆南方电网",
        "description": "使用手机号和密码登录",
        "data": {
          "username": "手机号",
          "password": "密码"
        }
      }
    },
    "error": {
      "cannot_connect": "网络异常",
      "invalid_auth": "用户名或密码错误",
      "unknown": "未知错误"
    },
    "abort": {
      "already_configured": "账号已添加，请勿重复添加"
    }
  },
  "options": {
    "step": {
      "init": {
        "title": "选择操作"
      },
      "add_account": {
        "title": "选择缴费号"
      },
      "remove_account": {
        "title": "移除缴费号"
      },
      "settings": {
        "title": "参数设置",
        "data": {
          "update_interval": "更新间隔（秒）",
          "update_timeout": "请求超时（秒）"
        }
      }
    },
    "abort": {
      "no_account": "账户未绑定缴费号",
      "all_added": "没有可添加到此集成的缴费号",
      "no_account_to_delete": "此集成未绑定缴费号"
    }
  }
}
